full_name_ingredient,name_ingredient_ru,format_ingredient_ru,category_ru,ingredient_format_cat,calories_kcal,moisture_per,protein_per,carbohydrate_per,fats_per,ash_g,fiber_g,cholesterol_mg,total_sugar_g,calcium_mg,phosphorus_mg,magnesium_mg,sodium_mg,potassium_mg,iron_mg,copper_mg,zinc_mg,manganese_mg,selenium_mcg,iodine_mcg,choline_mg,vitamin_a_mcg,vitamin_e_mg,vitamin_d_mcg,vitamin_b1_mg,vitamin_b2_mg,vitamin_b3_mg,vitamin_b5_mg,vitamin_b6_mg,vitamin_b9_mcg,vitamin_b12_mcg,vitamin_c_mg,vitamin_k_mcg,alpha_carotene_mcg,beta_carotene_mcg,beta_cryptoxanthin_mcg,lutein_zeaxanthin_mcg,lycopene_mcg,retinol_mcg,linoleic_acid_g,alpha_linolenic_acid_g,arachidonic_acid_g,epa_g,dha_g
"WHEY,ACID,FLUID",Сыворотка,"Кислотная, Жидкая",Яйца и молочные продукты,"Сыворотка — Кислотная, Жидкая",24.0,93.42,0.76,5.12,0.09,0.61,0.0,1.0,5.119999886,103.0,78.0,10.0,48.0,143.0,0.08,0.003,0.43,0.002,1.8,1.3,16.0,2.0,0.0,0.0,0.042,0.14,0.079,0.381,0.042,0.0,0.18,0.1,0.0,0.0,0.0,0.0,0.0,0.0,2.0,0.003,0.0,0.0,0.0,0.0
"WHEY,ACID,DRIED",Сыворотка,"Кислотная, Сухая",Яйца и молочные продукты,"Сыворотка — Кислотная, Сухая",339.0,3.51,11.73,73.45,0.54,10.77,0.0,3.0,73.44999695,2054.0,1349.0,199.0,968.0,2289.0,1.24,0.05,6.31,0.015,27.3,13.0,225.0,17.0,0.0,0.0,0.622,2.06,1.16,5.632,0.62,0.0,2.5,0.9,0.0,0.0,1.0,0.0,0.0,0.0,17.0,0.018,0.003,0.0,0.0,0.0
"WHEY,SWEET,FLUID",Сыворотка,"Сладкая, Жидкая",Яйца и молочные продукты,"Сыворотка — Сладкая, Жидкая",27.0,93.12,0.85,5.14,0.36,0.53,0.0,2.0,5.139999866,47.0,46.0,8.0,54.0,161.0,0.06,0.004,0.13,0.001,1.9,1.3,16.0,3.0,0.0,0.0,0.036,0.158,0.074,0.383,0.031,0.0,0.28,0.1,0.0,0.0,1.0,0.0,0.0,0.0,3.0,0.008,0.003,0.0,0.0,0.0
"WHEY,SWEET,DRIED",Сыворотка,"Сладкая, Сухая",Яйца и молочные продукты,"Сыворотка — Сладкая, Сухая",353.0,3.19,12.93,74.46,1.07,8.35,0.0,6.0,74.45999908,796.0,932.0,176.0,1079.0,2080.0,0.88,0.07,1.97,0.009,27.2,13.0,225.0,8.0,0.02,0.0,0.519,2.208,1.258,5.62,0.584,0.0,2.37,1.5,0.1,0.0,2.0,0.0,0.0,0.0,8.0,0.025,0.009,0.0,0.0,0.0
"YOGURT,PLN,WHL MILK,8 GRAMS PROT PER 8 OZ",Йогурт,"Цельное Молоко, 8 Г Белка На 226 Г",Яйца и молочные продукты,"Йогурт — Цельное Молоко, 8 Г Белка На 226 Г",61.0,87.9,3.47,4.66,3.25,0.72,0.0,13.0,4.659999847,121.0,95.0,12.0,46.0,155.0,0.05,0.009,0.59,0.004,2.2,14.45,15.0,27.0,0.06,0.1,0.029,0.142,0.075,0.389,0.032,0.0,0.37,0.5,0.2,0.0,5.0,0.0,0.0,0.0,27.0,0.065,0.027,0.0,0.0,0.0
"YOGURT,PLN,LOFAT,12 GRAMS PROT PER 8 OZ",Йогурт,"Обезжиренный, 12 Г Белка На 226 Г",Яйца и молочные продукты,"Йогурт — Обезжиренный, 12 Г Белка На 226 Г",63.0,85.07,5.25,7.04,1.55,1.09,0.0,6.0,7.039999962,183.0,144.0,17.0,70.0,234.0,0.08,0.013,0.89,0.004,3.3,13.5,15.0,14.0,0.03,0.0,0.044,0.214,0.114,0.591,0.049,0.0,0.56,0.8,0.2,0.0,2.0,0.0,0.0,0.0,14.0,0.031,0.013,0.0,0.0,0.0
"YOGURT,PLN,SKIM MILK,13 GRAMS PROT PER 8 OZ",Йогурт,"Из Обезжиренного Молока, 13 Г Белка На 226 Г",Яйца и молочные продукты,"Йогурт — Из Обезжиренного Молока, 13 Г Белка На 226 Г",56.0,85.23,5.73,7.68,0.18,1.18,0.0,2.0,7.679999828,199.0,157.0,19.0,77.0,255.0,0.09,0.015,0.97,0.005,3.6,13.5,15.0,2.0,0.0,0.0,0.048,0.234,0.124,0.641,0.053,0.0,0.61,0.9,0.2,0.0,0.0,0.0,0.0,0.0,2.0,0.004,0.001,0.0,0.0,0.0
"EGG,WHOLE,RAW,FRESH",Яйцо,Куринное,Яйца и молочные продукты,Яйцо — Куринное,143.0,75.84,12.58,0.77,9.94,0.86,0.0,423.0,0.769999981,53.0,191.0,12.0,140.0,134.0,1.83,0.102,1.11,0.038,31.7,32.0,251.0,140.0,0.97,2.0,0.069,0.478,0.07,1.438,0.143,0.0,1.29,0.0,0.3,0.0,10.0,9.0,331.0,0.0,139.0,1.56,0.048,0.188,0.0,0.058
"EGG,WHITE,RAW,FRESH",Яйцо,"Куринное, Белок",Яйца и молочные продукты,"Яйцо — Куринное, Белок",48.0,87.57,10.9,0.73,0.17,0.63,0.0,0.0,0.709999979,7.0,15.0,11.0,166.0,163.0,0.08,0.023,0.03,0.011,20.0,0.0,1.0,0.0,0.0,0.0,0.004,0.439,0.105,0.19,0.005,0.0,0.09,0.0,0.0,0.0,0.0,0.0,0.0,0.0,0.0,0.0,0.0,0.0,0.0,0.0
"EGG,YOLK,RAW,FRSH",Яйцо,"Куринное, Желток",Яйца и молочные продукты,"Яйцо — Куринное, Желток",317.0,52.31,15.86,3.59,26.54,1.71,0.0,1234.0,0.560000002,129.0,390.0,5.0,48.0,109.0,2.73,0.077,2.3,0.055,56.0,177.0,682.0,381.0,2.58,5.4,0.176,0.528,0.024,2.99,0.35,0.0,1.95,0.0,0.7,38.0,88.0,33.0,1094.0,0.0,371.0,3.54,0.103,0.438,0.0,0.114
"EGG,QUAIL,WHOLE,FRESH,RAW",Яйцо,Перепелиное,Яйца и молочные продукты,Яйцо — Перепелиное,158.0,74.35,13.05,0.41,11.09,1.1,0.0,844.0,0.409999996,64.0,226.0,13.0,141.0,132.0,3.65,0.062,1.47,0.038,32.0,50.8,263.0,156.0,1.08,1.4,0.13,0.79,0.15,1.761,0.15,0.0,1.58,0.0,0.3,0.0,11.0,10.0,369.0,0.0,155.0,0.94,0.044,0.122,0.0,0.0
"EGG,TURKEY,WHL,FRSH,RAW",Яйцо,Индюшиное,Яйца и молочные продукты,Яйцо — Индюшиное,171.0,72.5,13.68,1.15,11.88,0.79,0.0,933.0,0.0,99.0,170.0,13.0,151.0,142.0,4.1,0.062,1.58,0.038,34.3,0.0,0.0,166.0,0.0,0.0,0.11,0.47,0.024,1.889,0.131,0.0,1.69,0.0,0.0,0.0,0.0,0.0,0.0,0.0,166.0,1.17,0.079,0.127,0.0,0.0
"GINGER,GROUND",Имбирь,Молотый,Зелень и специи,Имбирь — Молотый,347.0,9.38,9.12,70.79,5.95,4.77,12.5,0.0,3.390000105,116.0,148.0,184.0,32.0,1343.0,11.52,0.48,4.72,26.5,38.5,0.0,41.0,7.0,18.02,0.0,0.046,0.185,5.155,0.0,0.84,0.0,0.0,7.0,0.8,0.0,88.0,0.0,0.0,0.0,0.0,0.706,0.223,0.0,0.0,0.0
"BASIL,FRESH",Базилик,Обыкновенный,Зелень и специи,Базилик — Обыкновенный,23.0,92.06,3.15,2.65,0.64,1.49,1.600000024,0.0,0.300000012,177.0,56.0,64.0,4.0,295.0,3.17,0.385,0.81,1.148,0.3,0.0,11.0,264.0,0.8,0.0,0.034,0.076,0.902,0.209,0.155,0.0,0.0,18.0,414.8,0.0,3142.0,46.0,5650.0,0.0,0.0,0.073,0.316,0.0,0.0,0.0
"DILL WEED,FRSH",Укроп,Обыкновенный,Зелень и специи,Укроп — Обыкновенный,43.0,85.95,3.46,7.02,1.12,2.45,2.099999905,0.0,0.0,208.0,66.0,55.0,61.0,738.0,6.59,0.146,0.91,1.264,0.0,0.0,0.0,386.0,0.0,0.0,0.058,0.296,1.57,0.397,0.185,0.0,0.0,85.0,0.0,0.0,0.0,0.0,0.0,0.0,0.0,0.082,0.013,0.0,0.0,0.0
"SALT,TABLE",Соль,"Поваренная, йодированная","Вода, соль и сахар","Соль — Поваренная, йодированная",0.0,0.2,0.0,0.0,0.0,99.8,0.0,0.0,0.0,24.0,0.0,1.0,38758.0,8.0,0.33,0.03,0.1,0.1,0.1,5080.0,0.0,0.0,0.0,0.0,0.0,0.0,0.0,0.0,0.0,0.0,0.0,0.0,0.0,0.0,0.0,0.0,0.0,0.0,0.0,0.0,0.0,0.0,0.0,0.0
"THYME,FRSH",Тимьян,Обыкновенный,Зелень и специи,Тимьян — Обыкновенный,101.0,65.11,5.56,24.45,1.68,3.2,14.0,0.0,0.0,405.0,106.0,160.0,9.0,609.0,17.45,0.555,1.81,1.719,0.0,0.0,0.0,238.0,0.0,0.0,0.048,0.471,1.824,0.409,0.348,0.0,0.0,160.1,0.0,0.0,2851.0,0.0,0.0,0.0,0.0,0.085,0.447,0.0,0.0,0.0
"ROSEMARY,FRESH",Розмарин,Обыкновенный,Зелень и специи,Розмарин — Обыкновенный,131.0,67.77,3.31,20.7,5.86,2.35,14.10000038,0.0,0.0,317.0,66.0,91.0,26.0,668.0,6.65,0.301,0.93,0.96,0.0,0.0,0.0,146.0,0.0,0.0,0.036,0.152,0.912,0.804,0.336,0.0,0.0,21.8,0.0,0.0,0.0,0.0,0.0,0.0,0.0,0.447,0.414,0.0,0.0,0.0
"FAT,BEEF TALLOW",Животный Жир,Говяжий,Масло и жир,Животный Жир — Говяжий,902.0,0.0,0.0,0.0,100.0,0.0,0.0,109.0,0.0,0.0,0.0,0.0,0.0,0.0,0.0,0.0,0.0,0.0,0.2,0.0,80.0,0.0,2.7,0.7,0.0,0.0,0.0,0.0,0.0,0.0,0.0,0.0,0.0,0.0,0.0,0.0,0.0,0.0,0.0,3.1,0.6,0.0,0.0,0.0
"VEGETABLE OIL,COCONUT",Растительное Масло,Кокосовое,Масло и жир,Растительное Масло — Кокосовое,862.0,0.0,0.0,0.0,100.0,0.0,0.0,0.0,0.0,0.0,0.0,0.0,0.0,0.0,0.04,0.0,0.0,0.0,0.0,0.0,0.0,0.0,0.09,0.0,0.0,0.0,0.0,0.0,0.0,0.0,0.0,0.0,0.5,0.0,0.0,0.0,0.0,0.0,0.0,1.68,0.019,0.0,0.0,0.0
"OIL,OLIVE,SALAD OR COOKING",Растительное Масло,Оливковое,Масло и жир,Растительное Масло — Оливковое,884.0,0.0,0.0,0.0,100.0,0.0,0.0,0.0,0.0,1.0,0.0,0.0,2.0,1.0,0.56,0.0,0.0,0.0,0.0,0.0,0.0,0.0,14.35,0.0,0.0,0.0,0.0,0.0,0.0,0.0,0.0,0.0,60.2,0.0,0.0,0.0,0.0,0.0,0.0,9.76,0.761,0.0,0.0,0.0
"OIL,VEG,SUNFLOWER,LINOLEIC,(APPROX. 65%)",Растительное Масло,"Подсолнечное, Линолевое (Около 65%)",Масло и жир,"Растительное Масло — Подсолнечное, Линолевое (Около 65%)",884.0,0.0,0.0,0.0,100.0,0.0,0.0,0.0,0.0,0.0,0.0,0.0,0.0,0.0,0.0,0.0,0.0,0.0,0.0,0.0,0.0,0.0,41.08,0.0,0.0,0.0,0.0,0.0,0.0,0.0,0.0,0.0,5.4,0.0,0.0,0.0,0.0,0.0,0.0,65.7,0.0,0.0,0.0,0.0
"FAT,MUTTON TALLOW",Животный Жир,Бараний,Масло и жир,Животный Жир — Бараний,902.0,0.0,0.0,0.0,100.0,0.0,0.0,102.0,0.0,0.0,0.0,0.0,0.0,0.0,0.0,0.0,0.0,0.0,0.2,0.0,80.0,0.0,2.8,0.7,0.0,0.0,0.0,0.0,0.0,0.0,0.0,0.0,0.0,0.0,0.0,0.0,0.0,0.0,0.0,5.5,2.3,0.0,0.0,0.0
"FAT,GOOSE",Животный Жир,Гусиный,Масло и жир,Животный Жир — Гусиный,900.0,0.2,0.0,0.0,99.8,0.0,0.0,100.0,0.0,0.0,0.0,0.0,0.0,0.0,0.0,0.0,0.0,0.0,0.2,0.0,0.0,0.0,2.7,0.0,0.0,0.0,0.0,0.0,0.0,0.0,0.0,0.0,0.0,0.0,0.0,0.0,0.0,0.0,0.0,9.8,0.5,0.0,0.0,0.0
"FISH OIL,COD LIVER",Рыбий Жир,Печень Трески,Масло и жир,Рыбий Жир — Печень Трески,902.0,0.0,0.0,0.0,100.0,0.0,0.0,570.0,0.0,0.0,0.0,0.0,0.0,0.0,0.0,0.0,0.0,0.0,0.0,8.387,0.0,30000.0,0.0,250.0,0.0,0.0,0.0,0.0,0.0,0.0,0.0,0.0,0.0,0.0,0.0,0.0,0.0,0.0,30000.0,0.935,0.935,0.935,6.9,11.0
"CHICKEN,BROILERS OR FRYERS,MEAT ONLY,RAW",Курица,Мясо,Мясо,Курица — Мясо,119.0,75.46,21.39,0.0,3.08,0.96,0.0,70.0,0.0,12.0,173.0,25.0,77.0,229.0,0.89,0.053,1.54,0.019,15.7,1.8,66.0,16.0,0.21,0.1,0.073,0.142,8.239,1.058,0.43,0.0,0.37,2.3,1.8,0.0,0.0,0.0,0.0,0.0,16.0,0.55,0.02,0.08,0.01,0.03
"CHICKEN,GIZZARD,ALL CLASSES,RAW",Курица,Желудок,Мясо,Курица — Желудок,94.0,79.33,17.66,0.0,2.06,0.95,0.0,240.0,0.0,11.0,148.0,15.0,69.0,237.0,2.49,0.116,2.72,0.055,25.5,0.7,0.0,19.0,0.33,0.0,0.028,0.231,3.68,0.631,0.112,0.0,1.21,3.7,0.0,0.0,0.0,0.0,0.0,0.0,19.0,0.246,0.003,0.086,0.0,0.0
"CHICKEN,HEART,ALL CLASSES,RAW",Курица,Сердце,Мясо,Курица — Сердце,153.0,73.56,15.55,0.71,9.33,0.85,0.0,136.0,0.0,12.0,177.0,15.0,74.0,176.0,5.96,0.346,6.59,0.089,4.3,1.2,0.0,9.0,0.0,0.0,0.152,0.728,4.883,2.559,0.36,0.0,7.29,3.2,0.0,0.0,0.0,0.0,0.0,0.0,9.0,1.91,0.07,0.72,0.0,0.0
"CHICKEN,LIVER,ALL CLASSES,RAW",Курица,Печень,Мясо,Курица — Печень,116.0,76.46,16.92,0.0,4.83,1.06,0.0,345.0,0.0,8.0,297.0,19.0,71.0,230.0,8.99,0.492,2.67,0.255,54.6,2.7,194.0,3296.0,0.7,0.0,0.305,1.778,9.728,6.233,0.853,0.0,16.58,17.9,0.0,11.0,56.0,11.0,0.0,40.0,3290.0,0.475,0.012,0.326,0.0,0.0
"CHICKEN,BROILERS OR FRYERS,FAT,RAW",Животный Жир,Куринный,Масло и жир,Животный Жир — Куринный,629.0,28.91,3.73,0.0,67.95,0.28,0.0,58.0,0.0,7.0,54.0,6.0,32.0,64.0,0.7,0.029,0.45,0.014,9.7,0.0,16.0,130.0,2.73,3.3,0.021,0.059,2.041,0.19,0.02,0.0,0.07,0.0,2.4,0.0,55.0,0.0,0.0,0.0,125.0,13.3,0.7,0.04,0.0,0.0
"CHICKEN,BROILERS OR FRYERS,BREAST,MEAT ONLY,RAW",Курица,Грудка,Мясо,Курица — Грудка,110.0,74.76,23.09,0.0,1.24,1.02,0.0,58.0,0.0,11.0,196.0,28.0,65.0,255.0,0.72,0.041,0.8,0.018,17.8,1.4,73.0,6.0,0.13,0.0,0.07,0.092,11.194,0.819,0.55,0.0,0.38,1.2,0.2,0.0,0.0,0.0,0.0,0.0,6.0,0.319,0.013,0.048,0.003,0.004
"CHICKEN,BROILERS OR FRYERS,LEG,MEAT ONLY,RAW",Курица,Нога,Мясо,Курица — Нога,120.0,76.13,20.13,0.0,3.81,0.94,0.0,80.0,0.0,11.0,167.0,23.0,86.0,229.0,1.02,0.064,2.06,0.021,13.5,5.0,62.0,18.0,0.32,0.0,0.079,0.193,6.067,1.178,0.33,0.0,0.36,0.0,2.9,0.0,0.0,0.0,0.0,0.0,18.0,0.753,0.036,0.098,0.004,0.013
"DUCK,DOMESTICATED,MEAT ONLY,RAW",Утятина,Мясо,Мясо,Утятина — Мясо,132.0,73.77,18.28,0.0,5.95,1.06,0.0,77.0,0.0,11.0,203.0,19.0,74.0,271.0,2.4,0.253,1.9,0.019,13.9,1.2,54.0,24.0,0.7,0.1,0.36,0.45,5.3,1.6,0.34,0.0,0.4,5.8,2.8,0.0,0.0,0.0,0.0,0.0,24.0,0.67,0.08,0.0,0.0,0.0
"DUCK,DOMESTICATED,LIVER,RAW",Утятина,Печень,Мясо,Утятина — Печень,136.0,71.78,18.74,3.53,4.64,1.32,0.0,515.0,0.0,11.0,269.0,24.0,140.0,230.0,30.53,5.962,3.07,0.258,67.0,0.0,0.0,11984.0,0.0,0.0,0.562,0.892,6.5,6.184,0.76,0.0,54.0,4.5,0.0,0.0,0.0,0.0,0.0,0.0,11984.0,0.37,0.0,0.26,0.0,0.0
"GOOSE,DOMESTICATED,MEAT ONLY,RAW",Гусятина,Мясо,Мясо,Гусятина — Мясо,161.0,68.3,22.75,0.0,7.13,1.1,0.0,84.0,0.0,13.0,312.0,24.0,87.0,420.0,2.57,0.306,2.34,0.024,16.8,0.0,0.0,12.0,0.0,0.0,0.129,0.377,4.278,1.973,0.64,0.0,0.49,7.2,0.0,0.0,0.0,0.0,0.0,0.0,12.0,0.8,0.1,0.0,0.0,0.0
"GOOSE,LIVER,RAW",Гусятина,Печень,Мясо,Гусятина — Печень,133.0,71.78,16.37,6.32,4.28,1.25,0.0,515.0,0.0,43.0,261.0,24.0,140.0,230.0,30.53,7.522,3.07,0.0,68.1,0.0,0.0,9309.0,0.0,0.0,0.562,0.892,6.5,6.184,0.76,0.0,54.0,4.5,0.0,0.0,0.0,0.0,0.0,0.0,9309.0,0.18,0.01,0.07,0.0,0.0
"GUINEA HEN,MEAT ONLY,RAW",Цесарка,Мясо,Мясо,Цесарка — Мясо,110.0,74.44,20.64,0.0,2.47,1.25,0.0,63.0,0.0,11.0,169.0,24.0,69.0,220.0,0.77,0.044,1.2,0.018,17.5,0.0,0.0,12.0,0.0,0.0,0.067,0.112,8.782,0.936,0.47,0.0,0.37,1.7,0.0,0.0,0.0,0.0,0.0,0.0,12.0,0.4,0.02,0.07,0.01,0.03
"QUAIL,MEAT ONLY,RAW",Перепелка,Мясо,Мясо,Перепелка — Мясо,134.0,70.03,21.76,0.0,4.53,1.32,0.0,70.0,0.0,13.0,307.0,25.0,51.0,237.0,4.51,0.594,2.7,0.019,17.4,3.1,0.0,17.0,0.0,0.0,0.283,0.285,8.2,0.787,0.53,0.0,0.47,7.2,0.0,0.0,0.0,0.0,0.0,0.0,17.0,0.93,0.02,0.12,0.01,0.0
"QUAIL,BREAST,MEAT ONLY,RAW",Перепелка,Грудка,Мясо,Перепелка — Грудка,123.0,71.67,22.59,0.0,2.99,1.27,0.0,58.0,0.0,10.0,228.0,28.0,55.0,260.0,2.31,0.433,2.7,0.018,18.8,3.1,0.0,11.0,0.0,0.0,0.24,0.243,8.2,0.787,0.53,0.0,0.47,5.1,0.0,0.0,0.0,0.0,0.0,0.0,11.0,0.62,0.02,0.08,0.01,0.0
"TURKEY,ALL CLASSES,MEAT ONLY,RAW",Индейка,Мясо,Мясо,Индейка — Мясо,119.0,74.16,21.77,0.0,2.86,0.97,0.0,65.0,0.0,14.0,195.0,25.0,70.0,296.0,1.45,0.109,2.37,0.021,26.5,0.0,70.0,0.0,0.35,0.2,0.072,0.168,4.544,0.907,0.47,0.0,0.43,0.0,2.7,0.0,0.0,0.0,0.0,0.0,0.0,0.339,0.017,0.031,0.0,0.002
"TURKEY,GIZZARD,ALL CLASSES,RAW",Индейка,Желудки,Мясо,Индейка — Желудки,118.0,76.18,19.14,0.0,4.58,1.0,0.0,197.0,0.0,6.0,140.0,16.0,72.0,322.0,4.31,0.114,2.86,0.048,29.2,0.0,90.0,0.0,0.05,0.5,0.04,0.179,4.78,0.914,0.12,0.0,6.86,6.2,0.0,0.0,0.0,0.0,0.0,0.0,0.0,0.53,0.023,0.096,0.0,0.007
"TURKEY,HEART,ALL CLASSES,RAW",Индейка,Сердце,Мясо,Индейка — Сердце,113.0,76.62,17.13,0.41,4.79,1.05,0.0,147.0,0.0,6.0,222.0,22.0,94.0,295.0,4.18,0.394,3.37,0.058,35.9,0.0,127.0,23.0,0.04,0.4,0.212,0.97,4.75,3.12,0.441,0.0,15.4,3.0,0.0,0.0,23.0,0.0,0.0,21.0,21.0,1.79,0.097,0.205,0.002,0.006
"TURKEY,LIVER,ALL CLASSES,RAW",Индейка,Печень,Мясо,Индейка — Печень,228.0,62.29,17.84,2.26,16.36,1.25,0.0,331.0,0.0,5.0,279.0,15.0,71.0,255.0,12.0,0.407,2.26,0.195,70.8,0.0,222.0,21702.0,0.12,1.3,0.153,2.59,13.5,6.28,1.47,0.0,49.4,24.5,0.8,0.0,29.0,0.0,0.0,0.0,21700.0,1.13,0.039,0.378,0.009,0.045
"TURKEY,ALL CLASSES,LT MEAT,RAW",Индейка,Белое Мясо,Мясо,Индейка — Белое Мясо,115.0,73.82,23.56,0.0,1.56,1.0,0.0,60.0,0.0,12.0,204.0,27.0,63.0,305.0,1.19,0.075,1.62,0.019,24.4,0.0,0.0,0.0,0.0,0.1,0.064,0.122,5.844,0.688,0.56,0.0,0.45,0.0,0.0,0.0,0.0,0.0,0.0,0.0,0.0,0.2,0.009,0.028,0.0,0.002
"TURKEY,ALL CLASSES,DK MEAT,RAW",Индейка,Тёмное Мясо,Мясо,Индейка — Тёмное Мясо,125.0,74.48,20.07,0.0,4.38,0.93,0.0,69.0,0.0,17.0,184.0,22.0,77.0,286.0,1.75,0.147,3.22,0.022,28.6,0.0,0.0,0.0,0.0,0.3,0.081,0.221,3.075,1.155,0.36,0.0,0.4,0.0,0.0,0.0,0.0,0.0,0.0,0.0,0.0,0.524,0.028,0.036,0.001,0.002
"APPLES,RAW,WITH SKIN",Фрукты,Яблоки,Овощи и фрукты,Фрукты — Яблоки,52.0,85.56,0.26,13.81,0.17,0.19,2.400000095,0.0,10.39000034,6.0,11.0,5.0,1.0,107.0,0.12,0.027,0.04,0.035,0.0,0.77,3.0,3.0,0.18,0.0,0.017,0.026,0.091,0.061,0.041,0.0,0.0,4.6,2.2,0.0,27.0,11.0,29.0,0.0,0.0,0.043,0.009,0.0,0.0,0.0
"APRICOTS,RAW",Фрукты,Абрикосы,Овощи и фрукты,Фрукты — Абрикосы,48.0,86.35,1.4,11.12,0.39,0.75,2.0,0.0,9.239999771,13.0,23.0,10.0,1.0,259.0,0.39,0.078,0.2,0.077,0.1,0.0,3.0,96.0,0.89,0.0,0.03,0.04,0.6,0.24,0.054,0.0,0.0,10.0,3.3,19.0,1094.0,104.0,89.0,0.0,0.0,0.077,0.0,0.0,0.0,0.0
"BANANAS,RAW",Фрукты,Бананы,Овощи и фрукты,Фрукты — Бананы,89.0,74.91,1.09,22.84,0.33,0.82,2.599999905,0.0,12.22999954,5.0,22.0,27.0,1.0,358.0,0.26,0.078,0.15,0.27,1.0,2.25,10.0,3.0,0.1,0.0,0.031,0.073,0.665,0.334,0.367,0.0,0.0,8.7,0.5,25.0,26.0,0.0,22.0,0.0,0.0,0.046,0.027,0.0,0.0,0.0
"BLACKBERRIES,RAW",Ягоды,Ежевика,Овощи и фрукты,Ягоды — Ежевика,43.0,88.15,1.39,9.61,0.49,0.37,5.300000191,0.0,4.880000114,29.0,22.0,20.0,1.0,162.0,0.62,0.165,0.53,0.646,0.4,0.4,8.0,11.0,1.17,0.0,0.02,0.026,0.646,0.276,0.03,0.0,0.0,21.0,19.8,0.0,128.0,0.0,118.0,0.0,0.0,0.186,0.094,0.0,0.0,0.0
"BLUEBERRIES,RAW",Ягоды,Черника,Овощи и фрукты,Ягоды — Черника,57.0,84.21,0.74,14.49,0.33,0.24,2.400000095,0.0,9.960000038,6.0,12.0,6.0,1.0,77.0,0.28,0.057,0.16,0.336,0.1,0.3,6.0,3.0,0.57,0.0,0.037,0.041,0.418,0.124,0.052,0.0,0.0,9.7,19.3,0.0,32.0,0.0,80.0,0.0,0.0,0.088,0.058,0.0,0.0,0.0
"CRANBERRIES,RAW",Ягоды,Клюквы,Овощи и фрукты,Ягоды — Клюквы,46.0,87.13,0.39,12.2,0.13,0.15,4.599999905,0.0,4.039999962,8.0,13.0,6.0,2.0,85.0,0.25,0.061,0.1,0.36,0.1,0.0,6.0,3.0,1.2,0.0,0.012,0.02,0.101,0.295,0.057,0.0,0.0,13.3,5.1,0.0,36.0,0.0,91.0,0.0,0.0,0.033,0.022,0.0,0.0,0.0
"PEARS,RAW",Фрукты,Груши,Овощи и фрукты,Фрукты — Груши,58.0,83.71,0.38,15.46,0.12,0.33,3.099999905,0.0,9.800000191,9.0,11.0,7.0,1.0,119.0,0.17,0.082,0.1,0.049,0.1,1.0,5.0,1.0,0.12,0.0,0.012,0.025,0.157,0.048,0.028,0.0,0.0,4.2,4.5,0.0,13.0,2.0,45.0,0.0,0.0,0.093,0.001,0.0,0.0,0.0
"STRAWBERRIES,RAW",Ягоды,Клубника,Овощи и фрукты,Ягоды — Клубника,32.0,90.95,0.67,7.68,0.3,0.4,2.0,0.0,4.889999866,16.0,24.0,13.0,1.0,153.0,0.41,0.048,0.14,0.386,0.4,0.75,6.0,1.0,0.29,0.0,0.024,0.022,0.386,0.125,0.047,0.0,0.0,58.8,2.2,0.0,7.0,0.0,26.0,0.0,0.0,0.09,0.065,0.0,0.0,0.0
"PORK,FRSH,LOIN,WHL,LN,RAW",Свинина,Мясо,Мясо,Свинина — Мясо,143.0,72.23,21.43,0.0,5.66,1.05,0.0,59.0,0.0,17.0,211.0,23.0,52.0,389.0,0.84,0.062,1.84,0.012,36.1,1.8,76.0,2.0,0.18,0.5,0.989,0.267,4.915,0.781,0.527,0.0,0.63,0.6,0.0,0.0,0.0,0.0,0.0,0.0,2.0,0.49,0.02,0.07,0.0,0.0
"PORK,FRSH,VAR MEATS&BY-PRODUCTS,HEART,RAW",Свинина,Сердце,Мясо,Свинина — Сердце,118.0,76.21,17.27,1.33,4.36,0.84,0.0,131.0,0.0,5.0,169.0,19.0,56.0,294.0,4.68,0.408,2.8,0.063,10.4,0.0,0.0,8.0,0.63,0.0,0.613,1.185,6.765,2.515,0.39,0.0,3.79,5.3,0.0,0.0,0.0,0.0,0.0,0.0,8.0,0.77,0.08,0.27,0.0,0.0
"PORK,FRSH,VAR MEATS&BY-PRODUCTS,KIDNEYS,RAW",Свинина,Почки,Мясо,Свинина — Почки,100.0,80.06,16.46,0.0,3.25,1.17,0.0,319.0,0.0,9.0,204.0,17.0,121.0,229.0,4.89,0.622,2.75,0.123,190.0,0.0,0.0,59.0,0.0,0.0,0.34,1.697,8.207,3.13,0.44,0.0,8.49,13.3,0.0,0.0,0.0,0.0,0.0,0.0,59.0,0.17,0.01,0.08,0.0,0.0
"PORK,FRSH,VAR MEATS&BY-PRODUCTS,LIVER,RAW",Свинина,Печень,Мясо,Свинина — Печень,134.0,71.06,21.39,2.47,3.65,1.44,0.0,301.0,0.0,9.0,288.0,18.0,87.0,273.0,23.3,0.677,5.76,0.344,52.7,3.1,0.0,6502.0,0.0,0.0,0.283,3.005,15.301,6.65,0.69,0.0,26.0,25.3,0.0,0.0,0.0,0.0,0.0,0.0,6502.0,0.35,0.03,0.44,0.0,0.02
"PORK,FRSH,VAR MEATS&BY-PRODUCTS,STOMACH,RAW",Свинина,Желудок,Мясо,Свинина — Желудок,159.0,73.5,16.85,0.0,10.14,0.63,0.0,223.0,0.0,11.0,130.0,11.0,75.0,140.0,1.01,0.169,1.85,0.038,31.1,0.0,195.0,0.0,0.04,0.0,0.051,0.201,2.48,1.22,0.034,0.0,0.3,0.0,0.0,0.0,0.0,0.0,0.0,0.0,0.0,0.724,0.021,0.11,0.0,0.0
"PORK,FRSH,VAR MEATS&BY-PRODUCTS,TONGUE,RAW",Свинина,Язык,Мясо,Свинина — Язык,225.0,65.9,16.3,0.0,17.2,0.9,0.0,101.0,0.0,16.0,193.0,18.0,110.0,243.0,3.35,0.07,3.01,0.011,10.4,7.7,0.0,0.0,0.29,0.0,0.49,0.485,5.3,0.641,0.24,0.0,2.84,4.4,0.0,0.0,0.0,0.0,0.0,0.0,0.0,1.7,0.08,0.0,0.0,0.0
"PORK,FRSH,VAR MEATS&BY-PRODUCTS,TAIL,RAW",Свинина,Хвост,Мясо,Свинина — Хвост,378.0,46.05,17.75,0.0,33.5,0.5,0.0,97.0,0.0,18.0,50.0,8.0,63.0,349.0,0.99,0.084,2.31,0.011,2.7,0.0,0.0,0.0,0.0,0.0,0.21,0.11,2.06,0.673,0.37,0.0,0.88,0.0,0.0,0.0,0.0,0.0,0.0,0.0,0.0,3.19,0.28,0.21,0.0,0.0
"ARTICHOKES,(GLOBE OR FRENCH),RAW",Артишоки,Обыкновенный,Зелень и специи,Артишоки — Обыкновенный,47.0,84.94,3.27,10.51,0.15,1.13,5.400000095,0.0,0.99000001,44.0,90.0,60.0,94.0,370.0,1.28,0.231,0.49,0.256,0.2,0.0,34.0,1.0,0.19,0.0,0.072,0.066,1.046,0.338,0.116,0.0,0.0,11.7,14.8,0.0,8.0,0.0,464.0,0.0,0.0,0.046,0.017,0.0,0.0,0.0
"ASPARAGUS,RAW",Спаржа,Обыкновенный,Зелень и специи,Спаржа — Обыкновенный,20.0,93.22,2.2,3.88,0.12,0.58,2.099999905,0.0,1.879999995,24.0,52.0,14.0,2.0,202.0,2.14,0.189,0.54,0.158,2.3,0.7,16.0,38.0,1.13,0.0,0.143,0.141,0.978,0.274,0.091,0.0,0.0,5.6,41.6,9.0,449.0,0.0,710.0,0.0,0.0,0.04,0.01,0.0,0.0,0.0
"BEANS,KIDNEY,MATURE SEEDS,SPROUTED,RAW",Фасоль,"Красная, Пророщенные",Овощи и фрукты,"Фасоль — Красная, Пророщенные",29.0,90.7,4.2,4.1,0.5,0.5,0.0,0.0,0.0,17.0,37.0,21.0,6.0,187.0,0.81,0.159,0.4,0.182,0.6,1.0,0.0,0.0,0.0,0.0,0.37,0.25,2.92,0.368,0.085,0.0,0.0,38.7,0.0,0.0,0.0,0.0,0.0,0.0,0.0,0.107,0.169,0.0,0.0,0.0
"BEANS,NAVY,MATURE SEEDS,SPROUTED,RAW",Фасоль,"Белая, Пророщенные",Овощи и фрукты,"Фасоль — Белая, Пророщенные",67.0,79.15,6.15,13.05,0.7,0.95,0.0,0.0,0.0,15.0,100.0,101.0,13.0,307.0,1.93,0.356,0.89,0.408,0.6,1.0,0.0,0.0,0.0,0.0,0.39,0.215,1.22,0.825,0.191,0.0,0.0,18.8,0.0,0.0,0.0,0.0,0.0,0.0,0.0,0.147,0.26,0.0,0.0,0.0
"BEANS,SNAP,GREEN,RAW",Фасоль,"Зелёная Стручковая Фасоль,",Овощи и фрукты,"Фасоль — Зелёная Стручковая Фасоль,",31.0,90.27,1.82,7.13,0.12,0.66,3.400000095,0.0,1.399999976,37.0,38.0,25.0,6.0,209.0,1.04,0.069,0.24,0.214,0.6,1.0,15.0,35.0,0.41,0.0,0.084,0.105,0.752,0.094,0.074,0.0,0.0,16.3,14.4,69.0,379.0,0.0,640.0,0.0,0.0,0.044,0.069,0.0,0.0,0.0
"BEETS,RAW",Свёкла,Обыкновенный,Овощи и фрукты,Свёкла — Обыкновенный,43.0,87.58,1.61,9.56,0.17,1.08,2.799999952,0.0,6.760000229,16.0,40.0,23.0,78.0,325.0,0.8,0.075,0.35,0.329,0.7,0.5,6.0,2.0,0.04,0.0,0.031,0.04,0.334,0.155,0.067,0.0,0.0,4.9,0.2,0.0,20.0,0.0,0.0,0.0,0.0,0.055,0.005,0.0,0.0,0.0
"BROCCOLI,RAW",Капуста,Брокколи,Овощи и фрукты,Капуста — Брокколи,34.0,89.3,2.82,6.64,0.37,0.87,2.599999905,0.0,1.700000048,47.0,66.0,21.0,33.0,316.0,0.73,0.049,0.41,0.21,2.5,0.6,19.0,31.0,0.78,0.0,0.071,0.117,0.639,0.573,0.175,0.0,0.0,89.2,101.6,25.0,361.0,1.0,1403.0,0.0,0.0,0.049,0.063,0.0,0.0,0.0
"BRUSSELS SPROUTS,RAW",Капуста,Брюссельская,Овощи и фрукты,Капуста — Брюссельская,43.0,86.0,3.38,8.95,0.3,1.37,3.799999952,0.0,2.200000048,42.0,69.0,23.0,25.0,389.0,1.4,0.07,0.42,0.337,1.6,0.0,19.0,38.0,0.88,0.0,0.139,0.09,0.745,0.309,0.219,0.0,0.0,85.0,177.0,6.0,450.0,0.0,1590.0,0.0,0.0,0.045,0.099,0.001,0.0,0.0
"CABBAGE,RAW",Капуста,Белокочанная,Овощи и фрукты,Капуста — Белокочанная,25.0,92.18,1.28,5.8,0.1,0.64,2.5,0.0,3.200000048,40.0,26.0,12.0,18.0,170.0,0.47,0.019,0.18,0.16,0.3,0.75,11.0,5.0,0.15,0.0,0.061,0.04,0.234,0.212,0.124,0.0,0.0,36.6,76.0,33.0,42.0,0.0,30.0,0.0,0.0,0.017,0.0,0.0,0.0,0.0
"CABBAGE,RED,RAW",Капуста,Краснокочанная,Овощи и фрукты,Капуста — Краснокочанная,31.0,90.39,1.43,7.37,0.16,0.64,2.099999905,0.0,3.829999924,45.0,30.0,16.0,27.0,243.0,0.8,0.017,0.22,0.243,0.6,0.0,17.0,56.0,0.11,0.0,0.064,0.069,0.418,0.147,0.209,0.0,0.0,57.0,38.2,0.0,670.0,0.0,329.0,20.0,0.0,0.034,0.045,0.001,0.0,0.0
"CARROTS,RAW",Морковь,Обыкновенный,Овощи и фрукты,Морковь — Обыкновенный,41.0,88.29,0.93,9.58,0.24,0.97,2.799999952,0.0,4.739999771,33.0,35.0,12.0,69.0,320.0,0.3,0.045,0.24,0.143,0.1,1.8,9.0,835.0,0.66,0.0,0.066,0.058,0.983,0.273,0.138,0.0,0.0,5.9,13.2,3477.0,8285.0,0.0,256.0,1.0,0.0,0.1,0.002,0.0,0.0,0.0
"CAULIFLOWER,RAW",Капуста,Цветная,Овощи и фрукты,Капуста — Цветная,25.0,91.91,1.98,5.3,0.1,0.71,2.5,0.0,2.400000095,22.0,44.0,15.0,30.0,303.0,0.44,0.042,0.28,0.156,0.6,0.5,45.0,1.0,0.08,0.0,0.057,0.063,0.526,0.652,0.222,0.0,0.0,46.4,16.0,0.0,8.0,0.0,33.0,0.0,0.0,0.016,0.015,0.0,0.0,0.0
"CORN,SWEET,YELLOW,RAW",Кукуруза,Обыкновенный,Крупы,Кукуруза — Обыкновенный,86.0,75.96,3.22,19.02,1.18,0.62,2.700000048,0.0,3.220000029,2.0,89.0,37.0,15.0,270.0,0.52,0.054,0.45,0.161,0.6,0.5,23.0,9.0,0.07,0.0,0.2,0.06,1.7,0.76,0.055,0.0,0.0,6.8,0.3,16.0,47.0,115.0,644.0,0.0,0.0,0.472,0.014,0.001,0.0,0.0
"CUCUMBER,WITH PEEL,RAW",Огурец,Обыкновенный,Овощи и фрукты,Огурец — Обыкновенный,15.0,95.23,0.65,3.63,0.11,0.38,0.5,0.0,1.669999957,16.0,24.0,13.0,2.0,147.0,0.28,0.041,0.2,0.079,0.3,0.5,6.0,5.0,0.03,0.0,0.027,0.033,0.098,0.259,0.04,0.0,0.0,2.8,16.4,11.0,45.0,26.0,23.0,0.0,0.0,0.028,0.005,0.0,0.0,0.0
"PARSLEY,RAW",Петрушка,Обыкновенный,Зелень и специи,Петрушка — Обыкновенный,36.0,87.71,2.97,6.33,0.79,2.2,3.299999952,0.0,0.850000024,138.0,58.0,50.0,56.0,554.0,6.2,0.149,1.07,0.16,0.1,0.0,13.0,421.0,0.75,0.0,0.086,0.098,1.313,0.4,0.09,0.0,0.0,133.0,1640.0,0.0,5054.0,0.0,5561.0,0.0,0.0,0.115,0.008,0.0,0.0,0.0
"PARSNIPS,RAW",Пастернак,Обыкновенный,Зелень и специи,Пастернак — Обыкновенный,75.0,79.53,1.2,17.99,0.3,0.98,4.900000095,0.0,4.800000191,36.0,71.0,29.0,10.0,375.0,0.59,0.12,0.59,0.56,1.8,0.0,0.0,0.0,1.49,0.0,0.09,0.05,0.7,0.6,0.09,0.0,0.0,17.0,22.5,0.0,0.0,0.0,0.0,0.0,0.0,0.041,0.003,0.0,0.0,0.0
"PEAS,EDIBLE-PODDED,RAW",Горох,В Стручках,Овощи и фрукты,Горох — В Стручках,42.0,88.89,2.8,7.55,0.2,0.56,2.599999905,0.0,4.0,43.0,53.0,24.0,4.0,200.0,2.08,0.079,0.27,0.244,0.7,0.0,17.0,54.0,0.39,0.0,0.15,0.08,0.6,0.75,0.16,0.0,0.0,60.0,25.0,44.0,630.0,0.0,740.0,0.0,0.0,0.075,0.013,0.0,0.0,0.0
"PEAS,GREEN,RAW",Горох,Зелёный Горошек,Овощи и фрукты,Горох — Зелёный Горошек,81.0,78.86,5.42,14.45,0.4,0.87,5.099999905,0.0,5.670000076,25.0,108.0,33.0,5.0,244.0,1.47,0.176,1.24,0.41,1.8,0.5,28.0,38.0,0.13,0.0,0.266,0.132,2.09,0.104,0.169,0.0,0.0,40.0,24.8,21.0,449.0,0.0,2477.0,0.0,0.0,0.152,0.035,0.0,0.0,0.0
"POTATO,FLESH & SKN,RAW",Картофель,Обыкновенный,Овощи и фрукты,Картофель — Обыкновенный,77.0,79.34,2.02,17.47,0.09,1.08,2.200000048,0.0,0.779999971,12.0,57.0,23.0,6.0,421.0,0.78,0.108,0.29,0.153,0.3,1.2,12.0,0.0,0.01,0.0,0.08,0.032,1.054,0.296,0.295,0.0,0.0,19.7,1.9,0.0,1.0,0.0,8.0,0.0,0.0,0.032,0.01,0.0,0.0,0.0
"PUMPKIN,RAW",Тыква,Обыкновенный,Овощи и фрукты,Тыква — Обыкновенный,26.0,91.6,1.0,6.5,0.1,0.8,0.5,0.0,1.360000014,21.0,44.0,12.0,1.0,340.0,0.8,0.127,0.32,0.125,0.3,0.0,8.0,369.0,1.06,0.0,0.05,0.11,0.6,0.298,0.061,0.0,0.0,9.0,1.1,515.0,3100.0,2145.0,1500.0,0.0,0.0,0.002,0.003,0.0,0.0,0.0
"SEAWEED,KELP,RAW,KELP,RAW",Водоросли,Морская Капуста (Ламинария),Зелень и специи,Водоросли — Морская Капуста (Ламинария),43.0,81.58,1.68,9.57,0.56,6.61,1.299999952,0.0,0.600000024,168.0,42.0,121.0,233.0,89.0,2.85,0.13,1.23,0.2,0.7,3500.0,13.0,6.0,0.87,0.0,0.05,0.15,0.47,0.642,0.002,0.0,0.0,3.0,66.0,0.0,70.0,0.0,0.0,0.0,0.0,0.02,0.004,0.012,0.004,0.0
"SEAWEED,LAVER,RAW",Водоросли,Морская Водоросль (Нори),Зелень и специи,Водоросли — Морская Водоросль (Нори),35.0,85.03,5.81,5.11,0.28,3.77,0.300000012,0.0,0.49000001,70.0,58.0,2.0,48.0,356.0,1.8,0.264,1.05,0.988,0.7,2460.0,10.0,260.0,1.0,0.0,0.098,0.446,1.47,0.521,0.159,0.0,0.0,39.0,4.0,0.0,3121.0,0.0,0.0,0.0,0.0,0.004,0.001,0.009,0.08,0.0
"SPINACH,RAW",Шпинат,Обыкновенный,Зелень и специи,Шпинат — Обыкновенный,23.0,91.4,2.86,3.63,0.39,1.72,2.200000048,0.0,0.419999987,99.0,49.0,79.0,79.0,558.0,2.71,0.13,0.53,0.897,1.0,6.1,18.0,469.0,2.03,0.0,0.078,0.189,0.724,0.065,0.195,0.0,0.0,28.1,482.9,0.0,5626.0,0.0,12198.0,0.0,0.0,0.026,0.138,0.0,0.0,0.0
"TURNIPS,RAW",Репа,Обыкновенный,Овощи и фрукты,Репа — Обыкновенный,28.0,91.87,0.9,6.43,0.1,0.7,1.799999952,0.0,3.799999952,30.0,27.0,11.0,67.0,191.0,0.3,0.085,0.27,0.134,0.7,0.3,11.0,0.0,0.03,0.0,0.04,0.03,0.4,0.2,0.09,0.0,0.0,21.0,0.1,0.0,0.0,0.0,0.0,0.0,0.0,0.012,0.04,0.0,0.0,0.0
"SQUASH,SMMR,ALL VAR,RAW",Кабачок,Обыкновенный,Овощи и фрукты,Кабачок — Обыкновенный,16.0,94.64,1.21,3.35,0.18,0.62,1.100000024,0.0,2.200000048,15.0,38.0,17.0,2.0,262.0,0.35,0.051,0.29,0.175,0.2,0.3,7.0,10.0,0.12,0.0,0.048,0.142,0.487,0.155,0.218,0.0,0.0,17.0,3.0,0.0,120.0,0.0,2125.0,0.0,0.0,0.033,0.056,0.0,0.0,0.0
"ARUGULA,RAW",Руккола,Обыкновенный,Зелень и специи,Руккола — Обыкновенный,25.0,91.71,2.58,3.65,0.66,1.4,1.600000024,0.0,2.049999952,160.0,52.0,47.0,27.0,369.0,1.46,0.076,0.47,0.321,0.3,0.0,15.0,119.0,0.43,0.0,0.044,0.086,0.305,0.437,0.073,0.0,0.0,15.0,108.6,0.0,1424.0,0.0,3555.0,0.0,0.0,0.13,0.17,0.002,0.0,0.0
"PUMPKIN&SQUASH SD KRNLS,DRIED",Семена,Тыквы и кабочка,Зелень и специи,Семена — Тыквы и кабочка,541.0,6.92,24.54,17.81,45.85,4.88,3.900000095,0.0,1.0,43.0,1174.0,535.0,18.0,807.0,14.97,1.387,7.46,3.021,5.6,0.0,63.0,19.0,0.0,0.0,0.21,0.32,1.745,0.339,0.224,0.0,0.0,1.9,51.4,0.0,228.0,0.0,0.0,0.0,0.0,20.7,0.12,0.131,0.0,0.0
"SUNFLOWER SD KRNLS,DRIED",Семена,Подсолнечника,Зелень и специи,Семена — Подсолнечника,584.0,4.73,20.78,20.0,51.46,3.02,8.600000381,0.0,2.619999886,78.0,660.0,325.0,9.0,645.0,5.25,1.8,5.0,1.95,53.0,0.0,55.0,3.0,33.23,0.0,1.48,0.355,8.335,1.13,1.345,0.0,0.0,1.4,0.0,0.0,30.0,0.0,0.0,0.0,0.0,23.0,0.06,0.0,0.014,0.0
"SEEDS,FLAXSEED",Семена,Льна,Зелень и специи,Семена — Льна,534.0,6.96,18.29,28.88,42.16,3.72,27.29999924,0.0,1.549999952,255.0,642.0,392.0,30.0,813.0,5.73,1.22,4.34,2.482,25.4,0.0,79.0,0.0,0.31,0.0,1.644,0.161,3.08,0.985,0.473,0.0,0.0,0.6,4.3,0.0,0.0,0.0,651.0,0.0,0.0,5.9,22.8,0.0,0.0,0.0
"BEEF,BRISKET,WHL,LN,ALL GRDS,RAW",Говядина,Грудинка,Мясо,Говядина — Грудинка,155.0,70.29,20.72,0.0,7.37,1.02,0.0,62.0,0.0,5.0,201.0,23.0,79.0,330.0,1.92,0.08,4.31,0.014,16.4,1.0,86.0,0.0,0.32,0.2,0.1,0.17,3.94,0.35,0.42,0.0,2.43,0.0,1.3,0.0,0.0,0.0,0.0,0.0,0.0,0.18,0.02,0.03,0.0,0.0
"BEEF,VAR MEATS&BY-PRODUCTS,HEART,RAW",Говядина,Сердце,Мясо,Говядина — Сердце,112.0,77.11,17.72,0.14,3.94,1.1,0.0,124.0,0.0,7.0,212.0,21.0,98.0,287.0,4.31,0.396,1.7,0.035,21.8,1.9,0.0,0.0,0.22,0.0,0.238,0.906,7.53,1.79,0.279,0.0,8.55,2.0,0.0,0.0,0.0,0.0,0.0,17.0,0.0,0.395,0.016,0.128,0.0,0.0
"BEEF,VAR MEATS&BY-PRODUCTS,KIDNEYS,RAW",Говядина,Почки,Мясо,Говядина — Почки,103.0,77.89,17.4,0.29,3.09,1.33,0.0,411.0,0.0,13.0,257.0,17.0,182.0,262.0,4.6,0.426,1.92,0.142,141.0,10.5,0.0,419.0,0.22,1.1,0.357,2.84,8.03,3.97,0.665,0.0,27.5,9.4,0.0,0.0,0.0,0.0,0.0,20.0,419.0,0.292,0.013,0.228,0.0,0.0
"BEEF,VAR MEATS&BY-PRODUCTS,LIVER,RAW",Говядина,Печень,Мясо,Говядина — Печень,135.0,70.81,20.36,3.89,3.63,1.31,0.0,275.0,0.0,5.0,387.0,18.0,69.0,313.0,4.9,9.755,4.0,0.31,39.7,4.3,333.0,4968.0,0.38,1.2,0.189,2.755,13.175,7.173,1.083,0.0,59.3,1.3,3.1,11.0,232.0,13.0,0.0,0.0,4948.0,0.299,0.016,0.141,0.0,0.0
"BEEF,VAR MEATS&BY-PRODUCTS,LUNGS,RAW",Говядина,Лёгкие,Мясо,Говядина — Лёгкие,92.0,79.38,16.2,0.0,2.5,0.98,0.0,242.0,0.0,10.0,224.0,14.0,198.0,340.0,7.95,0.26,1.61,0.019,44.3,0.0,0.0,14.0,0.0,0.0,0.047,0.23,4.0,1.0,0.04,0.0,3.81,38.5,0.0,0.0,0.0,0.0,0.0,0.0,14.0,0.17,0.02,0.14,0.0,0.0
"BEEF,VAR MEATS&BY-PRODUCTS,TONGUE,RAW",Говядина,Язык,Мясо,Говядина — Язык,224.0,64.53,14.9,3.68,16.09,0.8,0.0,87.0,0.0,6.0,133.0,16.0,69.0,315.0,2.95,0.17,2.87,0.026,9.4,2.3,0.0,0.0,0.0,0.0,0.125,0.34,4.24,0.653,0.31,0.0,3.79,3.1,0.0,0.0,0.0,0.0,0.0,0.0,0.0,0.58,0.0,0.31,0.0,0.0
"WATER,BTLD,GENERIC",Вода,Обыкновенный,"Вода, соль и сахар",Вода — Обыкновенный,0.0,99.98,0.0,0.0,0.0,0.07,0.0,0.0,0.0,10.0,0.0,2.0,2.0,0.0,0.0,0.007,0.0,0.0,0.0,0.0,0.0,0.0,0.0,0.0,0.0,0.0,0.0,0.0,0.0,0.0,0.0,0.0,0.0,0.0,0.0,0.0,0.0,0.0,0.0,0.0,0.0,0.0,0.0,0.0
"TROUT,MIXED SPECIES,RAW",Рыба,Форель,Мясо,Рыба — Форель,148.0,71.42,20.77,0.0,6.61,1.17,0.0,58.0,0.0,43.0,245.0,22.0,52.0,361.0,1.5,0.188,0.66,0.851,12.6,7.4,65.0,17.0,0.2,3.9,0.35,0.33,4.5,1.94,0.2,0.0,7.79,0.5,0.1,0.0,0.0,0.0,0.0,0.0,17.0,0.175,0.155,0.189,0.202,0.528
"LENTILS,RAW",Чечевица,Обыкновенный,Крупы,Чечевица — Обыкновенный,353.0,10.4,25.8,60.08,1.06,2.67,30.5,0.0,2.029999971,56.0,451.0,122.0,6.0,955.0,7.54,0.519,4.78,1.33,8.3,0.0,96.0,2.0,0.49,0.0,0.873,0.211,2.605,2.14,0.54,0.0,0.0,4.4,5.0,0.0,23.0,0.0,0.0,0.0,0.0,0.414,0.112,0.0,0.0,0.0
"VEAL,COMP OF RTL CUTS,LN,RAW",Телятина,Мясо,Мясо,Телятина — Мясо,112.0,75.91,20.2,0.0,2.87,1.08,0.0,83.0,0.0,15.0,211.0,25.0,86.0,328.0,0.85,0.113,3.23,0.029,8.6,0.0,0.0,0.0,0.26,0.0,0.08,0.28,7.83,1.37,0.43,0.0,1.4,0.0,0.0,0.0,0.0,0.0,0.0,0.0,0.0,0.21,0.01,0.08,0.0,0.0
"GOAT,RAW",Козлятина,Мясо,Мясо,Козлятина — Мясо,109.0,75.84,20.6,0.0,2.31,1.11,0.0,57.0,0.0,13.0,180.0,0.0,82.0,385.0,2.83,0.256,4.0,0.038,8.8,1.0,0.0,0.0,0.0,0.0,0.11,0.49,3.75,0.0,0.0,0.0,1.13,0.0,0.0,0.0,0.0,0.0,0.0,0.0,0.0,0.1,0.02,0.06,0.0,0.0
"LAMB,VAR MEATS&BY-PRODUCTS,HEART,RAW",Ягненок,Сердце,Мясо,Ягненок — Сердце,122.0,76.71,16.47,0.21,5.68,0.93,0.0,135.0,0.0,6.0,175.0,17.0,89.0,316.0,4.6,0.397,1.87,0.046,32.0,0.0,0.0,0.0,0.0,0.0,0.37,0.99,6.14,2.63,0.39,0.0,10.25,5.0,0.0,0.0,0.0,0.0,0.0,0.0,0.0,0.24,0.13,0.09,0.04,0.03
"VEAL,VAR MEATS&BY-PRODUCTS,HEART,RAW",Телятина,Сердце,Мясо,Телятина — Сердце,110.0,77.69,17.18,0.08,3.98,1.07,0.0,104.0,0.0,5.0,211.0,18.0,77.0,261.0,4.24,0.34,1.47,0.036,33.3,0.0,0.0,0.0,0.0,0.0,0.52,1.0,6.4,2.78,0.43,0.0,13.76,8.0,0.0,0.0,0.0,0.0,0.0,0.0,0.0,0.71,0.03,0.24,0.03,0.0
"LAMB,VAR MEATS&BY-PRODUCTS,KIDNEYS,RAW",Ягненок,Почки,Мясо,Ягненок — Почки,97.0,79.23,15.74,0.82,2.95,1.26,0.0,337.0,0.0,13.0,246.0,17.0,156.0,277.0,6.38,0.446,2.24,0.118,126.9,0.0,0.0,95.0,0.0,0.0,0.62,2.24,7.51,4.22,0.22,0.0,52.41,11.0,0.0,0.0,0.0,0.0,0.0,0.0,95.0,0.21,0.07,0.14,0.05,0.03
"VEAL,VAR MEATS&BY-PRODUCTS,KIDNEYS,RAW",Телятина,Почки,Мясо,Телятина — Почки,99.0,79.07,15.76,0.85,3.12,1.2,0.0,364.0,0.0,11.0,241.0,16.0,178.0,272.0,3.36,0.494,1.97,0.08,80.0,0.0,0.0,92.0,0.0,0.0,0.32,1.9,6.99,3.3,0.37,0.0,28.2,5.0,0.0,0.0,0.0,0.0,0.0,0.0,92.0,0.3,0.04,0.18,0.05,0.02
"LAMB,VAR MEATS&BY-PRODUCTS,LIVER,RAW",Ягненок,Печень,Мясо,Ягненок — Печень,139.0,71.37,20.38,1.78,5.02,1.44,0.0,371.0,0.0,7.0,364.0,19.0,70.0,313.0,7.37,6.979,4.66,0.184,82.4,0.0,0.0,7391.0,0.0,0.0,0.34,3.63,16.11,6.13,0.9,0.0,90.05,4.0,0.0,0.0,0.0,0.0,0.0,0.0,7391.0,0.32,0.07,0.36,0.0,0.0
"VEAL,VAR MEATS&BY-PRODUCTS,LIVER,RAW",Телятина,Печень,Мясо,Телятина — Печень,140.0,70.89,19.93,2.91,4.85,1.42,0.0,334.0,0.0,5.0,379.0,20.0,77.0,308.0,6.4,11.865,12.02,0.255,22.7,0.0,310.0,11707.0,0.37,0.0,0.173,2.44,10.55,6.065,0.957,0.0,59.85,0.7,0.9,13.0,11.0,11.0,0.0,0.0,11705.0,0.517,0.035,0.266,0.0,0.0
"LAMB,VAR MEATS&BY-PRODUCTS,LUNGS,RAW",Ягненок,Лёгкие,Мясо,Ягненок — Лёгкие,95.0,79.7,16.7,0.0,2.6,1.1,0.0,0.0,0.0,10.0,219.0,14.0,157.0,238.0,6.4,0.254,1.8,0.019,17.7,0.0,0.0,27.0,0.0,0.0,0.048,0.237,4.124,0.0,0.11,0.0,3.93,31.0,0.0,0.0,0.0,0.0,0.0,0.0,27.0,0.0,0.0,0.0,0.0,0.0
"VEAL,VAR MEATS&BY-PRODUCTS,LUNGS,RAW",Телятина,Легкие,Мясо,Телятина — Легкие,90.0,80.5,16.3,0.0,2.3,1.1,0.0,229.0,0.0,7.0,288.0,12.0,108.0,274.0,5.23,0.241,1.16,0.018,17.2,0.0,0.0,0.0,0.0,0.0,0.047,0.231,4.025,0.0,0.11,0.0,3.83,39.0,0.0,0.0,0.0,0.0,0.0,0.0,0.0,0.17,2.3,0.0,0.0,0.0
"LAMB,VAR MEATS&BY-PRODUCTS,MECHANICALLY SEPARATED,RAW",Ягненок,Мясо,Мясо,Ягненок — Мясо,276.0,58.68,14.97,0.0,23.54,1.21,0.0,213.0,0.0,162.0,337.0,18.0,59.0,288.0,5.9,0.058,3.72,0.012,20.1,0.0,0.0,0.0,0.0,0.0,0.072,0.118,2.546,0.0,0.11,0.0,2.56,0.0,0.0,0.0,0.0,0.0,0.0,0.0,0.0,0.29,0.06,0.0,0.0,0.0
"LAMB,VAR MEATS&BY-PRODUCTS,TONGUE,RAW",Ягненок,Язык,Мясо,Ягненок — Язык,222.0,66.6,15.7,0.0,17.17,0.92,0.0,156.0,0.0,9.0,184.0,21.0,78.0,257.0,2.65,0.212,2.32,0.049,15.0,0.0,0.0,0.0,0.0,0.0,0.15,0.38,4.65,0.97,0.18,0.0,7.2,6.0,0.0,0.0,0.0,0.0,0.0,0.0,0.0,0.48,0.51,0.06,0.0,0.0
"VEAL,VAR MEATS&BY-PRODUCTS,TONGUE,RAW",Телятина,Язык,Мясо,Телятина — Язык,131.0,74.53,17.18,1.91,5.48,0.89,0.0,62.0,0.0,7.0,159.0,17.0,82.0,271.0,2.72,0.2,2.63,0.023,7.0,0.0,0.0,0.0,0.0,0.0,0.17,0.41,2.22,1.2,0.19,0.0,6.1,5.0,0.0,0.0,0.0,0.0,0.0,0.0,0.0,0.2,0.0,0.0,0.0,0.0
"GELATINS,DRY PDR,UNSWTND",Желатин,"Сухой Порошок, Несладкий",Зелень и специи,"Желатин — Сухой Порошок, Несладкий",335.0,13.0,85.6,0.0,0.1,1.3,0.0,0.0,0.0,55.0,39.0,22.0,196.0,16.0,1.11,2.161,0.14,0.105,39.5,0.0,38.0,0.0,0.0,0.0,0.025,0.23,0.085,0.125,0.007,0.0,0.0,0.0,0.0,0.0,0.0,0.0,0.0,0.0,0.0,0.0,0.0,0.0,0.0,0.0
MOLASSES,Патока,Обыкновенный,"Вода, соль и сахар",Патока — Обыкновенный,290.0,21.87,0.0,74.73,0.1,3.3,0.0,0.0,55.49000168,205.0,31.0,242.0,37.0,1464.0,4.72,0.487,0.29,1.53,17.8,0.0,13.0,0.0,0.0,0.0,0.041,0.002,0.93,0.804,0.67,0.0,0.0,0.0,0.0,0.0,0.0,0.0,0.0,0.0,0.0,0.05,0.0,0.0,0.0,0.0
"BARLEY,PEARLED,RAW",Перловка,Обыкновенный,Крупы,Перловка — Обыкновенный,352.0,10.09,9.91,77.72,1.16,1.11,15.60000038,0.0,0.800000012,29.0,221.0,79.0,9.0,280.0,2.5,0.42,2.13,1.322,37.7,0.0,38.0,1.0,0.02,0.0,0.191,0.114,4.604,0.282,0.26,0.0,0.0,0.0,2.2,0.0,13.0,0.0,160.0,0.0,0.0,0.505,0.055,0.0,0.0,0.0
"MILLET,RAW",Просо,Обыкновенный,Крупы,Просо — Обыкновенный,378.0,8.67,11.02,72.85,4.22,3.25,8.5,0.0,0.0,8.0,285.0,114.0,5.0,195.0,3.01,0.75,1.68,1.632,2.7,0.0,0.0,0.0,0.05,0.0,0.421,0.29,4.72,0.848,0.384,0.0,0.0,0.0,0.9,0.0,0.0,0.0,0.0,0.0,0.0,2.02,0.118,0.0,0.0,0.0
"RICE,BROWN,LONG-GRAIN,RAW",Рис,"Коричневый, Длиннозерный",Крупы,"Рис — Коричневый, Длиннозерный",370.0,10.37,7.94,77.24,2.92,1.53,3.5,0.0,0.850000024,23.0,333.0,143.0,7.0,223.0,1.47,0.277,2.02,3.743,23.4,2.0,31.0,0.0,1.2,0.0,0.401,0.093,5.091,1.493,0.509,0.0,0.0,0.0,1.9,0.0,0.0,0.0,0.0,0.0,0.0,0.968,0.032,0.0,0.0,0.0
OATS,Овес,Обыкновенный,Крупы,Овес — Обыкновенный,389.0,8.22,16.89,66.27,6.9,1.72,10.60000038,0.0,0.0,54.0,523.0,177.0,2.0,429.0,4.72,0.626,3.97,4.916,0.0,0.0,0.0,0.0,1.09,0.0,0.763,0.139,0.961,1.349,0.119,0.0,0.0,0.0,0.0,0.0,0.0,0.0,0.0,0.0,0.0,2.42,0.111,0.0,0.0,0.0
"RICE,BROWN,MEDIUM-GRAIN,RAW",Рис,"Коричневый, Среднезерный",Крупы,"Рис — Коричневый, Среднезерный",362.0,12.37,7.5,76.17,2.68,1.27,3.400000095,0.0,0.0,33.0,264.0,143.0,4.0,268.0,1.8,0.277,2.02,3.743,0.0,2.0,0.0,0.0,0.68,0.0,0.413,0.043,4.308,1.493,0.509,0.0,0.0,0.0,0.0,0.0,0.0,0.0,0.0,0.0,0.0,0.918,0.041,0.0,0.0,0.0
"RICE,WHITE,LONG-GRAIN,REG,RAW,ENR",Рис,"Белый, Длиннозерный",Крупы,"Рис — Белый, Длиннозерный",365.0,11.62,7.13,79.95,0.66,0.64,1.299999952,0.0,0.119999997,28.0,115.0,25.0,5.0,115.0,4.31,0.22,1.09,1.088,15.1,2.0,6.0,0.0,0.11,0.0,0.576,0.049,4.192,1.014,0.164,223.0,0.0,0.0,0.1,0.0,0.0,0.0,0.0,0.0,0.0,0.146,0.031,0.0,0.0,0.0
"RICE,WHITE,MEDIUM-GRAIN,RAW,ENR",Рис,"Белый, Среднезерный",Крупы,"Рис — Белый, Среднезерный",360.0,12.89,6.61,79.34,0.58,0.58,1.399999976,0.0,0.0,9.0,108.0,35.0,1.0,86.0,4.36,0.11,1.16,1.1,15.1,2.0,0.0,0.0,0.11,0.0,0.578,0.048,5.093,1.342,0.145,222.0,0.0,0.0,0.0,0.0,0.0,0.0,0.0,0.0,0.0,0.128,0.027,0.0,0.0,0.0
"RICE,WHITE,SHORT-GRAIN,RAW",Рис,"Белый, Круглозерный (Короткозерный)",Крупы,"Рис — Белый, Круглозерный (Короткозерный)",358.0,13.29,6.5,79.15,0.52,0.54,2.799999952,0.0,0.0,3.0,95.0,23.0,1.0,76.0,4.23,0.21,1.1,1.037,15.1,2.0,0.0,0.0,0.0,0.0,0.565,0.048,4.113,1.287,0.171,225.0,0.0,0.0,0.0,0.0,0.0,0.0,0.0,0.0,0.0,0.114,0.024,0.0,0.0,0.0
SORGHUM,Сорго,Обыкновенный,Крупы,Сорго — Обыкновенный,339.0,9.2,11.3,74.63,3.3,1.57,6.300000191,0.0,0.0,28.0,287.0,0.0,6.0,350.0,4.4,0.0,0.0,0.0,0.0,0.0,0.0,0.0,0.0,0.0,0.237,0.142,2.927,0.0,0.0,0.0,0.0,0.0,0.0,0.0,0.0,0.0,0.0,0.0,0.0,1.49,0.065,0.0,0.0,0.0
"WHEAT,HARD RED WINTER",Пшеница,Твёрдая Красная,Крупы,Пшеница — Твёрдая Красная,327.0,13.1,12.61,71.18,1.54,1.57,12.19999981,0.0,0.409999996,29.0,288.0,126.0,2.0,363.0,3.19,0.434,2.65,3.985,70.7,0.0,31.0,0.0,1.01,0.0,0.383,0.115,5.464,0.954,0.3,0.0,0.0,0.0,1.9,0.0,5.0,0.0,220.0,0.0,0.0,0.6,0.027,0.0,0.0,0.0
"WHEAT,SOFT RED WINTER",Пшеница,Мягкая Красная,Крупы,Пшеница — Мягкая Красная,331.0,12.17,10.35,74.24,1.56,1.68,12.5,0.0,0.409999996,27.0,493.0,126.0,2.0,397.0,3.21,0.45,2.63,4.391,0.0,0.0,0.0,0.0,1.01,0.0,0.394,0.096,4.8,0.85,0.272,0.0,0.0,0.0,0.0,0.0,0.0,0.0,0.0,0.0,0.0,0.628,0.028,0.0,0.0,0.0
"WHEAT,HARD WHITE",Пшеница,Твёрдая Белая,Крупы,Пшеница — Твёрдая Белая,342.0,9.57,11.31,75.9,1.71,1.52,12.19999981,0.0,0.409999996,32.0,355.0,93.0,2.0,432.0,4.56,0.363,3.33,3.821,0.0,0.0,0.0,0.0,1.01,0.0,0.387,0.108,4.381,0.954,0.368,0.0,0.0,0.0,1.9,0.0,5.0,0.0,220.0,0.0,0.0,0.715,0.035,0.0,0.0,0.0
"WHEAT,SOFT WHITE",Пшеница,Мягкая Белая,Крупы,Пшеница — Мягкая Белая,340.0,10.42,10.69,75.36,1.99,1.54,12.69999981,0.0,0.409999996,34.0,402.0,90.0,2.0,435.0,5.37,0.426,3.46,3.406,0.0,0.0,0.0,0.0,1.01,0.0,0.41,0.107,4.766,0.85,0.378,0.0,0.0,0.0,1.9,0.0,5.0,0.0,220.0,0.0,0.0,0.8,0.036,0.0,0.0,0.0
Protein hydrolysate,Белковый гидролизат,Обыкновенный,Дополнительные пищевые компоненты,Белковый гидролизат — Обыкновенный,0.0,3.71,85.6,0.0,4.51,0.0,0.0,0.0,0.0,0.0,0.0,0.0,0.0,0.0,0.0,0.0,0.0,0.0,0.0,0.0,0.0,0.0,0.0,0.0,0.0,0.0,0.0,0.0,0.0,0.0,0.0,0.0,0.0,0.0,0.0,0.0,0.0,0.0,0.0,0.0,0.0,0.0,0.0,0.0
